yr_,season_,cnt_sum,cnt_mean,cnt_median,cnt_min,cnt_max
2011,1,150000,1666.6666666666667,1602.5,431,3239
2011,2,347316,3775.1739130434785,4085.5,795,5805
2011,3,419650,4464.36170212766,4615.5,1115,6043
2011,4,326137,3664.4606741573034,3717.0,627,5511
2012,1,321348,3531.296703296703,3456.0,441,7836
2012,2,571273,6209.489130434783,6384.0,1027,8362
2012,3,641479,6824.244680851064,6941.5,4073,8714
2012,4,515476,5791.865168539326,5629.0,22,8555
