weathersit_,cnt_sum,cnt_mean,cnt_median,cnt_min,cnt_max
1,2338173,204.8692718829405,159.0,1,977
2,795952,175.16549295774647,133.0,1,957
3,158331,111.57928118393235,63.0,1,891
4,223,74.33333333333333,36.0,23,164
